Raja;Burgess;iaculis@metusurna.com;828-4006;P.O. Box 111, 4226 Torquent Av.;Assen;88867;Italy;2013-03-18
Cain;Kirby;suscipit@ipsumCurabitur.co.uk;715-9344;4946 Leo, Street;Mulhouse;B31 8MS;Vanuatu;2014-06-16
Odessa;Sharpe;Praesent@diamProindolor.org;1-523-188-8784;Ap #184-3509 Donec Av.;Nerem;O8 5FQ;Gabon;2014-08-22
Selma;Jenkins;Nulla.aliquet.Proin@SeddictumProin.com;1-626-807-3975;P.O. Box 212, 6497 Nunc Road;Newark;56672-580;Netherlands;2014-02-14
Simon;Roy;ut.nulla.Cras@a.ca;565-0965;7415 Phasellus Road;Campbeltown;15563-592;Central African Republic;2014-01-18
Angelica;Pennington;massa@magnis.com;858-7189;P.O. Box 111, 5336 Ipsum Rd.;Stratford;11300;Falkland Islands (Islas Malvinas);2014-03-22
Chandler;Shepherd;volutpat.nunc.sit@id.org;1-925-823-3833;P.O. Box 578, 3945 Eu, St.;Campli;21508;Azerbaijan;2013-10-28
Ulric;Hartman;non.feugiat.nec@sempercursusInteger.co.uk;1-170-373-4739;8829 Ullamcorper, Avenue;Whangarei;23150;Argentina;2013-06-19
Justine;Wilkinson;purus.mauris.a@dolornonummyac.com;159-4006;3566 Vitae Av.;Lac La Biche County;19182;Heard Island and Mcdonald Islands;2013-08-23
Benedict;Mcgee;sit.amet@ornare.ca;1-232-840-8848;P.O. Box 650, 2639 Fusce Road;Segni;8796EV;Germany;2014-10-15
Garth;Arnold;est.arcu@Vivamus.co.uk;634-0576;Ap #291-5850 Dignissim Road;Limburg a.d. Lahn;34540;Kazakhstan;2013-02-02
Flynn;Contreras;tellus.sem@eratvitaerisus.com;230-0580;P.O. Box 548, 8242 Pede. Road;Deventer;Xxxx;Djibouti;2013-06-26
McKenzie;Melendez;augue.porttitor.interdum@Aeneanegetmagna.net;1-818-405-1564;3298 Cursus. Av.;Penhold;61466;Philippines;2013-07-25
Lareina;Colon;turpis@sempercursusInteger.edu;1-289-600-4031;P.O. Box 154, 6649 Lacus. Avenue;Cavaso del Tomba;84198;Thailand;2013-12-15
Charity;Fulton;Sed@Crasdictumultricies.edu;1-514-684-7906;4918 Adipiscing Avenue;Barchi;87284;Syria;2013-05-31
Pascale;Rutledge;euismod.in@enimEtiam.edu;1-780-538-2009;P.O. Box 326, 9500 Pulvinar St.;Rutland;70006;Mexico;2014-08-27
Yetta;Mullins;tristique.senectus@nullaante.edu;749-4395;P.O. Box 156, 8234 Non, Road;Marystown;35602;Saint Martin;2014-03-11
Hayden;Rasmussen;nec@Uttincidunt.com;621-0329;P.O. Box 992, 3572 Massa. Road;GravataÃ­;30218;Haiti;2013-05-15
Hilel;Park;lacus.Etiam.bibendum@semeget.co.uk;1-543-848-0790;P.O. Box 455, 657 Mauris St.;Thorn;6486;Afghanistan;2013-01-25
Lane;Abbott;magna.Cras.convallis@sem.com;1-193-207-2050;7242 Fusce Ave;Cabano;3634;Montenegro;2014-06-28
Darius;Hancock;sapien@musProin.net;1-498-677-2315;Ap #987-255 Volutpat Ave;Groot-Bijgaarden;85818;Chad;2014-06-19
Abigail;Peters;montes.nascetur.ridiculus@enimnec.ca;230-0123;269-3667 Nisi. St.;Broechem;8754;Gabon;2014-07-26
Palmer;Mcclure;nibh.Quisque@vitae.org;1-100-230-2536;368 Penatibus Road;Deline;31000;Thailand;2013-09-30
Jaime;Gutierrez;Aliquam.auctor@etarcuimperdiet.ca;1-485-418-4413;P.O. Box 937, 7154 Iaculis, Road;Parauapebas;00345;Cuba;2013-12-25
Jasmine;Forbes;lacus.Ut.nec@leo.org;1-935-817-2135;P.O. Box 509, 3708 Habitant Avenue;Renfrew;5628;Philippines;2014-01-17
Denton;Dale;tincidunt.Donec.vitae@estmollis.ca;1-316-221-5902;Ap #734-2084 At, Avenue;Pike Creek;7812;Gibraltar;2014-06-24
Chiquita;Finch;sed.leo.Cras@vitaeorci.co.uk;388-8501;P.O. Box 432, 3898 In St.;Cuxhaven;GK2C 2BQ;Liechtenstein;2014-10-18
Ferris;Crane;ultricies@molestiedapibus.com;598-1330;Ap #972-3910 Ac Street;Fleurus;82870-307;French Southern Territories;2013-12-08
Xaviera;Washington;Sed.id@penatibuset.edu;349-7495;1141 A Street;La Seyne-sur-Mer;99112;Guyana;2013-08-30
Gillian;Knapp;Fusce@eleifend.ca;532-9617;Ap #479-8671 Diam. Ave;Pace del Mela;8314;Singapore;2013-06-16
Calista;Clemons;Vivamus.rhoncus@condimentum.net;133-5723;979-5950 Facilisis Road;Philadelphia;05432-312;Tokelau;2013-01-10
Colton;Lucas;Pellentesque@quispede.com;1-244-500-9495;1927 Integer St.;Annapolis;3897;Chile;2014-11-28
Regina;Kidd;nisi@Nuncullamcorpervelit.net;337-6211;7693 Eu, St.;Ayas;76781;Brazil;2013-11-27
Ann;Calderon;massa.lobortis.ultrices@Uttincidunt.net;1-899-771-3370;9902 Sed Road;Kincardine;Xxxx;Czech Republic;2013-04-25
Gwendolyn;Shepherd;quis.urna.Nunc@malesuadaIntegerid.ca;1-853-666-9367;249-1948 Dictum Street;Pforzheim;Xxxx;Isle of Man;2014-08-01
Cassidy;Dotson;et.ultrices.posuere@ipsumSuspendissesagittis.com;896-2402;8264 Nulla Road;Tarragona;M9C 8X9;Turkmenistan;2014-05-31
Caryn;Cash;vulputate.eu@Duisvolutpatnunc.co.uk;776-7934;P.O. Box 765, 3331 Duis Road;Glasgow;4203;Antigua and Barbuda;2013-11-18
Raven;Franks;sapien.molestie@etmagnaPraesent.com;1-638-496-3303;Ap #258-9903 Phasellus Avenue;Fayetteville;24763-159;Andorra;2013-02-21
Katelyn;Wagner;ut.aliquam.iaculis@aliquam.com;1-126-955-8278;Ap #237-4117 Dolor Av.;Empoli;S5K 4N9;New Zealand;2013-03-13
Alyssa;Holder;in@ridiculus.ca;916-2817;407-8580 Integer Street;Novo Hamburgo;41810;Cuba;2013-03-09
Melinda;Nelson;enim.Etiam@vulputatedui.com;990-4064;6505 Proin Av.;Retford;17462;Angola;2013-07-31
Levi;Massey;metus@purus.edu;1-441-188-7784;P.O. Box 211, 5059 Nulla. Av.;San Giovanni Lipioni;Xxxx;Lebanon;2013-01-15
Kaye;Simmons;nec.eleifend@Sedcongueelit.co.uk;1-178-956-7934;7911 Arcu St.;Tain;61814;Sri Lanka;2014-10-29
Graham;George;ornare@urnaconvalliserat.co.uk;1-522-132-4633;6167 Aliquet. Road;Kapuskasing;59781;Cape Verde;2013-02-26
Aspen;Mcneil;auctor.nunc.nulla@quis.ca;752-2910;Ap #299-4042 Tellus. Rd.;Boussu-lez-Walcourt;Xxxx;Pitcairn Islands;2014-04-07
Melvin;Barron;tincidunt@loremeu.org;1-761-896-1427;704-7931 Proin Rd.;Stene;19805;Kenya;2013-01-09
Arsenio;Hubbard;Cras.vulputate.velit@nunc.ca;1-989-299-6354;7016 Quisque St.;San Vicente;8405VP;Chad;2013-04-18
Addison;Noel;sollicitudin.adipiscing@imperdiet.edu;1-288-485-5321;P.O. Box 930, 586 Maecenas Street;Wandsworth;H1X 1L6;Reunion;2013-11-16
Martena;Weeks;non.leo.Vivamus@urna.net;1-988-569-9918;P.O. Box 471, 1434 Justo Ave;Midlands;2381;Paraguay;2014-02-01
Christen;Olsen;Nulla.facilisis.Suspendisse@dictummagna.net;568-9859;P.O. Box 543, 8135 Phasellus Avenue;Sellano;51423;Dominica;2014-03-12
Jermaine;Beasley;gravida.sagittis.Duis@sitametconsectetuer.co.uk;113-2661;2240 Et Ave;Port Lincoln;1887;Uzbekistan;2013-04-08
Samuel;Donaldson;urna.Nunc@porttitorerosnec.net;1-889-690-8175;135-8480 Nulla Avenue;Windsor;29071;British Indian Ocean Territory;2014-02-15
Heidi;Battle;ante@turpisnon.co.uk;904-6960;Ap #914-422 Sem Street;Thuillies;12473;Sierra Leone;2014-08-02
Joan;Wiggins;rutrum@euismodac.org;451-9683;P.O. Box 416, 2107 Felis, Rd.;Huntly;38589;Luxembourg;2014-07-08
Leandra;Love;Quisque.ornare.tortor@laciniamattis.org;1-715-397-0337;350-1072 Dis Street;Kirriemuir;1415VX;Georgia;2014-10-23
Nora;Thomas;dapibus.gravida@aliquamiaculislacus.co.uk;1-251-672-8680;P.O. Box 886, 5534 Vitae, Ave;Pinneberg;69760;Bulgaria;2013-11-04
Giselle;Logan;penatibus@facilisisfacilisis.org;997-4842;Ap #615-4429 Mollis Av.;Guildford;85865;Myanmar;2013-05-19
Pearl;Hickman;Duis@facilisiSedneque.com;186-3757;704-1994 Ac Rd.;Fort St. John;5031;Sri Lanka;2014-03-16
Axel;Espinoza;Curabitur.egestas@dapibusidblandit.co.uk;1-220-193-7515;5837 Montes, Rd.;Beausejour;11105;Sudan;2013-11-03
Vivian;Medina;nec.tempus.scelerisque@etmagnisdis.com;1-119-555-9408;234-774 Enim Avenue;Birmingham;81731;Uruguay;2014-08-31
Clarke;Hull;ultrices@dui.ca;113-6824;Ap #212-7251 Cras Road;Jamoigne;4875;Turks and Caicos Islands;2013-05-08
Nevada;Cobb;sociis.natoque.penatibus@quislectus.org;305-3747;322-4743 Eleifend Ave;Durham;6093;Sweden;2013-04-19
Rajah;Dillard;justo@Nuncpulvinar.net;1-391-123-5131;7119 Euismod Avenue;Klagenfurt;7978;Western Sahara;2014-01-10
Elijah;Wells;facilisis.vitae.orci@pharetrased.net;150-8059;268-9829 Turpis. St.;Hull;51181;British Indian Ocean Territory;2013-10-22
Miranda;Sims;Nam@urnaUt.com;1-625-826-2158;Ap #761-4359 Arcu. Rd.;Sunset Point;81253;Saint Kitts and Nevis;2014-06-10
Jeanette;Bartlett;malesuada@Cumsociis.com;577-5359;9534 Etiam Av.;Folx-les-Caves;41871;Honduras;2013-02-23
Ashton;Shepard;quam.quis@amet.co.uk;445-7934;3243 Sagittis Avenue;Keswick;88412;Samoa;2014-11-22
Wyoming;Townsend;diam@eumetus.net;524-8904;Ap #851-3748 Faucibus Street;Weert;2689;Suriname;2013-09-12
Anastasia;Irwin;sit@NullamenimSed.co.uk;1-845-470-2616;282-7535 Arcu. Av.;Acosse;56120;Chad;2014-06-23
Maya;Byers;sed@feugiatnon.edu;952-9723;456-1567 Sed Avenue;Bath;6525;Lithuania;2013-05-30
Hedy;Mills;tellus.imperdiet.non@fames.net;1-187-517-3300;P.O. Box 272, 3174 Venenatis St.;Sangerhausen;73707;Morocco;2014-08-11
Rylee;Burch;feugiat@acarcu.co.uk;615-8599;P.O. Box 850, 7471 A, Ave;Erli;74317;Sweden;2014-12-11
Reese;Taylor;pharetra.felis@scelerisquescelerisque.org;196-2316;P.O. Box 639, 5760 Ut, Road;GoiÃ¢nia;16440-744;Sudan;2013-09-30
Sharon;Mullen;lacus.vestibulum.lorem@magnaPraesentinterdum.org;579-9900;Ap #281-9757 Quis Rd.;Argyle;20517;Armenia;2013-06-19
Ferdinand;Reeves;vestibulum.lorem@malesuada.org;369-9372;3473 Luctus Rd.;Livorno;1339;Gabon;2014-08-23
Paki;Morrow;cursus.non@temporestac.edu;430-8241;4177 Nam Street;Bolton;31815;New Zealand;2014-02-15
Ali;Flynn;Sed@apurusDuis.org;543-6798;9039 Sapien, St.;Kitchener;40575-835;Congo (Brazzaville);2014-11-19
Jakeem;Savage;ullamcorper.nisl@neque.net;985-4459;P.O. Box 100, 210 Nunc Ave;Richmond Hill;05651;Paraguay;2013-11-06
Hanna;Wilkinson;et.lacinia.vitae@massaQuisqueporttitor.net;1-387-894-9946;640 Orci, Ave;Louisville;50903;Fiji;2014-06-11
Tucker;Rasmussen;commodo@mi.com;828-2560;P.O. Box 667, 9487 Vivamus Rd.;Bernau;MG57 1TH;Heard Island and Mcdonald Islands;2014-07-20
Palmer;Rose;risus.varius.orci@aliquamadipiscing.edu;1-436-100-9782;1719 Orci. Rd.;Philadelphia;1340;Denmark;2014-10-06
Herrod;Santos;arcu.imperdiet@velnislQuisque.edu;875-2565;9092 Hendrerit. Rd.;Halen;26622;Andorra;2014-07-14
Jamalia;Strong;In.faucibus.Morbi@pellentesqueeget.ca;756-0244;202-9500 Et, Ave;Remscheid;1158;Serbia;2014-07-25
Lucy;Franklin;a.auctor@Aeneansed.net;386-0227;9805 Vulputate Avenue;Wageningen;38030;Mauritania;2014-04-22
Evelyn;Cochran;Integer.urna.Vivamus@adipiscinglacus.edu;1-281-186-8350;5996 Magna. Road;White Rock;U7N 0NM;Philippines;2013-12-07
Aquila;Fernandez;erat.Etiam.vestibulum@etmagnis.org;575-0292;820-5932 Donec St.;Campbeltown;47542;Saint Martin;2013-01-23
Darryl;Wolf;arcu@tinciduntorciquis.com;1-665-522-3181;Ap #585-3020 A, Av.;Mores;27468;Wallis and Futuna;2013-10-17
Colin;Rose;erat@ac.com;436-5224;Ap #768-3158 Libero Ave;Birmingham;62398;Iraq;2014-10-04
Virginia;Chandler;dignissim@pellentesqueafacilisis.edu;1-513-914-6988;Ap #409-6057 Sed Ave;Ham-sur-Heure;00256;Iraq;2014-10-20
Carter;Garrison;ut.pellentesque@Curabituregestas.net;197-7674;364 Mauris Rd.;ChÃ¢teauroux;4762;Western Sahara;2014-03-13
Ocean;Bridges;adipiscing@parturientmontes.co.uk;240-9405;P.O. Box 210, 1839 Nullam Rd.;CÃ¡diz;86778;Guernsey;2014-09-15
Cade;Holt;ullamcorper.nisl@afacilisisnon.com;780-6623;106-9641 Diam St.;Melton;S6N 5T3;Ethiopia;2013-11-25
Steel;Wallace;egestas@sitamet.com;1-558-796-0010;Ap #853-1853 Pede. Road;Nemi;19950;Austria;2013-02-18
Glenna;Mendez;Sed.nunc.est@lacusQuisquepurus.ca;1-587-658-9641;642-6145 Massa St.;Chandler;1155;Isle of Man;2014-09-30
Zenaida;Frederick;turpis@dui.com;1-622-234-6140;171-1047 Sollicitudin Rd.;Baie-Saint-Paul;60204;Austria;2013-12-14
Tallulah;Coffey;justo.nec.ante@dapibus.com;629-8842;8598 Justo Avenue;Nossegem;6521BJ;United States;2013-05-11
Marvin;Owens;magna.tellus@seddictum.edu;1-817-885-7138;562-9763 Sem Avenue;Zwettl-NiederÃ¶sterreich;85961;Northern Mariana Islands;2014-10-02
Marah;Sharp;dolor.Fusce@Integer.ca;1-233-647-4824;Ap #457-8863 Lectus St.;West Vancouver;11314;Poland;2014-02-05
Beatrice;Blair;volutpat@primisin.net;919-6344;9554 Commodo Rd.;Nalinnes;Xxxx;Brazil;2014-05-31
Ciara;Lowe;at.arcu@malesuada.org;470-7256;2008 Ac Road;Rangiora;36764;Qatar;2013-06-08